{"cameraMode":{"drawMode":0,"name":"Shaded","section":"Shading Mode"},"sceneLighting":true,"audioPlay":false,"sceneViewState":{"showFog":true,"showMaterialUpdate":false,"showSkybox":true,"showFlares":true,"showImageEffects":true,"showParticleSystems":true},"in2DMode":false,"pivot":{"x":725.4900512695313,"y":1075.105712890625,"z":21.510112762451173},"rotation":{"x":0.009585434570908547,"y":0.05996141582727432,"z":0.0005604012403637171,"w":-0.9981545209884644},"size":1551.175537109375,"orthographic":true}