{"cameraMode":{"drawMode":0,"name":"Shaded","section":"Shading Mode"},"sceneLighting":true,"audioPlay":false,"sceneViewState":{"showFog":true,"showMaterialUpdate":false,"showSkybox":true,"showFlares":true,"showImageEffects":true,"showParticleSystems":true},"in2DMode":false,"pivot":{"x":762.6621704101563,"y":1118.1754150390625,"z":24.154972076416017},"rotation":{"x":0.009585434570908547,"y":0.05996141582727432,"z":0.0005604012403637171,"w":-0.9981545209884644},"size":2269.426025390625,"orthographic":true}